"sku","supplier_notebook","supplier_reference_notebook","source_photo","match_status","source_description"
"PRD-0003","DB","25966","IMG_1078","certain","Thé berbère"
"PRD-0027","DB","22421","IMG_1078","certain","Thé noir à la vanille"
"PRD-0015","DB","22491","IMG_1078","certain","Thé noir de Ceylan"
"PRD-0025","DB","22842","IMG_1078","certain","Thé noir Pu-Erh Yunnan"
"PRD-0028","DB","22994","IMG_1078","certain","Thé Pu-Erh citron orange / agrumes"
"PRD-0017","DB","21118","IMG_1078","certain","Thé noir Framboise Gourmande"
"PRD-0026","DB","22593","IMG_1080","certain","Thé noir Pêche Abricot"
"PRD-0013","DB","22368","IMG_1080","certain","Thé noir Darjeeling Bio"
"PRD-0018","DB","21148","IMG_1080","certain","Thé noir Lapsang Souchong Bio"
"PRD-0022","DB","21387","IMG_1080","certain","Thé noir Mon joli Noël"
"PRD-0008","DB","22445","IMG_1080","certain","Thé noir Assam Bio"
"PRD-0006","DB","22349","IMG_1081","certain","Thé blanc Fleurs d'agrumes"
"PRD-0044","DB","22503","IMG_1081","certain","Thé vert Sencha nature bio Chine"
"PRD-0045","DB","21405","IMG_1081","certain","Thé vert Entre copines"
"PRD-0002","DB","22475","IMG_1081","certain","Maté Brésil"
"PRD-0037","DB","22139-200","IMG_1081","certain","Thé vert Matcha Bio poudre, conditionnement 200 g"
"PRD-0039","DB","22906","IMG_1081","certain","Thé vert Noël Pain d'épices"
"PRD-0035","DB","22508","IMG_1082","certain","Thé vert au Jasmin"
"PRD-0041","DB","21229","IMG_1082","certain","Thé vert Poire chocolat gingembre"
"PRD-0040","DB","21207","IMG_1082","certain","Thé vert Plaisir fruité"
"PRD-0073","DB","22932","IMG_1083","certain","Tisane Bien-être"
"PRD-0083","DB","22969","IMG_1083","certain","Tisane Jardin Anglais"
"PRD-0086","DB","22338","IMG_1083","certain","Tisane Panier d'agrumes"
"PRD-0075","DB","22923","IMG_1083","certain","Tisane Brume d'hiver"
"PRD-0066","DB","22917","IMG_1083","certain","Rooibos de Noël"
"PRD-0068","DB","21361","IMG_1083","certain","Rooibos du Soleil"
"PRD-0081","DB","21487","IMG_1083","certain","Tisane Gentille Sorcière Bio"
"PRD-0062","DB","22119","IMG_1083","certain","Lapacho Orange Vanille (fournisseur existant renseigné DB en minuscules)"
"PRD-0090","DB","21637","IMG_1084","certain","Tisane Etoiles des neiges"
"PRD-0074","DB","21499","IMG_1084","certain","Tisane Douces Senteurs Bio"
"PRD-0056","DB","22051","IMG_1085","certain","Eau de fruits Magic Pep's"
"PRD-0058","DB","22122","IMG_1085","certain","Eau de fruits Potins de femmes"
"PRD-0055","DB","22663","IMG_1085","certain","Eau de fruits Kiwi royal"
"PRD-0059","DB","21139","IMG_1085","certain","Eau de fruits Pêche Melba (référence manuscrite à contrôler)"
"PRD-000019","DB","22382","IMG_1082","certain","Thé vert Bancha Japon Bio (déjà renseigné)"
"PRD-0030","Alain Pilloy","","IMG_1087","certain","Thé vert au yuzu"
"PRD-0005","Alain Pilloy","","IMG_1087","certain","Thé blanc Exotique"
"PRD-0007","Alain Pilloy","","IMG_1087","certain","Thé blanc Tarte Mirabelles"
"PRD-0038","Alain Pilloy","","IMG_1087","certain","Thé vert Oasis des senteurs"
"PRD-0048","Alain Pilloy","","IMG_1087","certain","Thé vert à la Violette"
"PRD-0031","Alain Pilloy","","IMG_1087","certain","Thé vert aux trois agrumes"
"PRD-0021","Alain Pilloy","","IMG_1087","certain","Thé noir Magie d'Orient"
"PRD-0088","Alain Pilloy","","IMG_1087","certain","Tisane Repos du Bouddha"
"PRD-0020","Orientis Gourmet","","IMG_1088","certain","Thé noir Lotus Bleu"
"PRD-0011","Orientis Gourmet","","IMG_1088","certain","Thé noir aux deux chocolats"
"PRD-0019","Orientis Gourmet","","IMG_1088","certain","Thé noir Gourmand"
"PRD-0016","Orientis Gourmet","","IMG_1088","certain","Thé noir Earl Grey goût russe"
"PRD-0046","Orientis Gourmet","","IMG_1088","certain","Thé vert Gin Fizz"
"PRD-0029","Orientis Gourmet","","IMG_1088","certain","Thé vert Amandine"
"PRD-0033","George Cannon","","IMG_1090","certain","Thé vert Dans le bon sens Bio"
"PRD-0082","George Cannon","","IMG_1090","certain","Tisane Grand-Mère"
"PRD-0047","DB","22414","IMG_1081","a_verifier","Thé à la menthe vs menthe à la marocaine : intitulé/composition à confirmer"
"PRD-0052","DB","22004","IMG_1085","a_verifier","Cranberries Vanille vs Cranberries Vanille Cynorhodon : formule à confirmer"
"PRD-0054","DB","21214","IMG_1085","a_verifier","Framboise Gourmande vs Framboise libellé incertain"
"PRD-0065","DB","21526","IMG_1083","a_verifier","Rooibos Brownie orange vs Châtaigne Brownie"
"PRD-0067","Alain Pilloy","","IMG_1087","a_verifier","Rooibos désir de Perse vs Douceur de Perse"
"PRD-0069","DB","21393","IMG_1083","a_verifier","Rooibos Noël tout doux vs Tout doux"
"PRD-0032","George Cannon","","IMG_1090","a_verifier","Thé vert Hop là ! circulation vs Bio Circulation"
"PRD-0042","Alain Pilloy","","IMG_1087","a_verifier","Thé vert Royal Green Symphonie vs Thé vert Royal"
"PRD-0034","Orientis Gourmet","","IMG_1088","a_verifier","Earl Grey agrumes vs Thé vert Earl Grey"
"PRD-0024","DB","21028","IMG_1078","a_verifier","Thé Noël gingembre mandarine vs Pain d'épices"
"PRD-0078","DB","22858","IMG_1084","a_verifier","Fournisseur principal déjà Cailleau : garder et réfléchir à DB en alternative"
"PRD-0076","DB","22809","IMG_1084","a_verifier","Fournisseur principal déjà Cailleau : garder"
"PRD-0079","Alain Pilloy","","IMG_1087","a_verifier","Fournisseur principal déjà Cailleau : garder"
"PRD-0008","Orientis Gourmet","","IMG_1088","a_verifier","Thé Assam non explicitement Bio ; DB Bio retenu"
"PRD-0004","Alain Pilloy","","IMG_1087","a_verifier","Thé blanc exotique ne prouve pas Pêche-Litchi, produit différent"
